{
    "classification_report": {
        "Mosquito": {
            "precision": 0.7152777777777778,
            "recall": 0.7463768115942029,
            "f1-score": 0.7304964539007093,
            "support": 414.0
        },
        "Not_Mosquito": {
            "precision": 0.9531040643144261,
            "recall": 0.9455028799291094,
            "f1-score": 0.949288256227758,
            "support": 2257.0
        },
        "accuracy": 0.9146387120928491,
        "macro avg": {
            "precision": 0.8341909210461019,
            "recall": 0.8459398457616562,
            "f1-score": 0.8398923550642337,
            "support": 2671.0
        },
        "weighted avg": {
            "precision": 0.9162414351020816,
            "recall": 0.9146387120928491,
            "f1-score": 0.9153759364361451,
            "support": 2671.0
        }
    },
    "confusion_matrix_path": "keras_training/keras_models_1707_performances_and_history/confusion_matrix_CustomCNN_Conv1D_20250717_155328.png",
    "roc_auc": 0.9314542625305278,
    "roc_curve_path": "keras_training/keras_models_1707_performances_and_history/roc_curve_CustomCNN_Conv1D_20250717_155328.png"
}