{
    "classification_report": {
        "Mosquito": {
            "precision": 0.4147339699863574,
            "recall": 0.7342995169082126,
            "f1-score": 0.5300784655623365,
            "support": 414.0
        },
        "Not_Mosquito": {
            "precision": 0.9432404540763674,
            "recall": 0.8099246787771378,
            "f1-score": 0.8715137067938021,
            "support": 2257.0
        },
        "accuracy": 0.7982029202545863,
        "macro avg": {
            "precision": 0.6789872120313624,
            "recall": 0.7721120978426752,
            "f1-score": 0.7007960861780693,
            "support": 2671.0
        },
        "weighted avg": {
            "precision": 0.8613229383843929,
            "recall": 0.7982029202545863,
            "f1-score": 0.8185918835553795,
            "support": 2671.0
        }
    },
    "confusion_matrix_path": "keras_training/keras_models_1707_performances_and_history/confusion_matrix_MobileNetV2_20250717_155328.png",
    "roc_auc": 0.8628271892705249,
    "roc_curve_path": "keras_training/keras_models_1707_performances_and_history/roc_curve_MobileNetV2_20250717_155328.png"
}