{
    "classification_report": {
        "Mosquito": {
            "precision": 0.7172675521821632,
            "recall": 0.9130434782608695,
            "f1-score": 0.8034006376195537,
            "support": 414.0
        },
        "Not_Mosquito": {
            "precision": 0.9832089552238806,
            "recall": 0.9339831634913602,
            "f1-score": 0.9579640990683935,
            "support": 2257.0
        },
        "accuracy": 0.9307375514788468,
        "macro avg": {
            "precision": 0.850238253703022,
            "recall": 0.9235133208761148,
            "f1-score": 0.8806823683439736,
            "support": 2671.0
        },
        "weighted avg": {
            "precision": 0.9419885355835695,
            "recall": 0.9307375514788468,
            "f1-score": 0.934007051880142,
            "support": 2671.0
        }
    },
    "confusion_matrix_path": "keras_training/keras_models_1707_performances_and_history/confusion_matrix_ResNet50_20250717_155328.png",
    "roc_auc": 0.9755248834008634,
    "roc_curve_path": "keras_training/keras_models_1707_performances_and_history/roc_curve_ResNet50_20250717_155328.png"
}