{
    "accuracy": [
        0.6412188410758972,
        0.6780169010162354,
        0.6755192875862122,
        0.6799317598342896,
        0.691254198551178,
        0.6825125813484192,
        0.6808059215545654,
        0.681222140789032,
        0.6826791167259216,
        0.6819714307785034,
        0.6806809902191162,
        0.6826374530792236,
        0.6823461055755615,
        0.6823877096176147,
        0.6853016018867493,
        0.674270510673523,
        0.6820963025093079,
        0.6745202541351318,
        0.6844690442085266,
        0.6745202541351318,
        0.6853016018867493,
        0.6799317598342896,
        0.6852599382400513,
        0.6845523118972778,
        0.6827207207679749,
        0.6796403527259827,
        0.6789743304252625,
        0.6835532784461975,
        0.6849685907363892,
        0.6807642579078674,
        0.6813054084777832,
        0.683095395565033,
        0.6748948693275452,
        0.6822212338447571,
        0.6850101947784424,
        0.6838446259498596
    ],
    "loss": [
        1.6652823686599731,
        0.7937939167022705,
        0.7474371194839478,
        0.7321295738220215,
        0.7106748223304749,
        0.7342575192451477,
        0.7438786625862122,
        0.7423045039176941,
        0.7532594203948975,
        0.7298023700714111,
        0.7691229581832886,
        0.7280136942863464,
        0.7438147068023682,
        0.7412669062614441,
        0.7769611477851868,
        0.7760114669799805,
        0.7336063385009766,
        0.7572438716888428,
        0.7077513337135315,
        0.7664796710014343,
        0.7093223333358765,
        0.7385752201080322,
        0.7326724529266357,
        0.742167592048645,
        0.73330157995224,
        0.7661325931549072,
        0.7732712626457214,
        0.7353972792625427,
        0.7538776397705078,
        0.732636570930481,
        0.7440303564071655,
        0.7345773577690125,
        0.752099335193634,
        0.7584385871887207,
        0.7166726589202881,
        0.7447121739387512
    ]
}