{
    "accuracy": [
        0.7169795632362366,
        0.7750905156135559,
        0.8102651834487915,
        0.8366565108299255,
        0.857511579990387,
        0.8766182661056519,
        0.8973067402839661,
        0.9127086400985718,
        0.9259876012802124,
        0.935894787311554,
        0.9473421573638916,
        0.9526287317276001,
        0.9443449974060059,
        0.961703360080719,
        0.9571660757064819,
        0.9634933471679688,
        0.9673646092414856,
        0.9679473638534546,
        0.9619531035423279,
        0.9718602895736694,
        0.9728177189826965,
        0.9715272784233093,
        0.9733588695526123,
        0.9765641093254089,
        0.9823086261749268,
        0.975398600101471,
        0.9767722487449646,
        0.9731507301330566,
        0.9822253584861755,
        0.9788535833358765,
        0.9749823212623596,
        0.9829330444335938,
        0.9826000332832336,
        0.9840569496154785,
        0.9800191521644592,
        0.9825167655944824,
        0.9800191521644592,
        0.9860134124755859,
        0.9734837412834167,
        0.9845981001853943,
        0.9776880741119385,
        0.9865545630455017,
        0.984181821346283,
        0.9785205721855164,
        0.9826832413673401,
        0.985763669013977,
        0.9883861541748047,
        0.98480623960495,
        0.9766057729721069,
        0.9892186522483826,
        0.984181821346283,
        0.9889689087867737,
        0.9855971336364746,
        0.9896765351295471,
        0.9883861541748047,
        0.9815593361854553,
        0.9874703288078308,
        0.9853473901748657,
        0.9902593493461609,
        0.9800607562065125,
        0.9877617359161377,
        0.9840153455734253,
        0.9840153455734253
    ],
    "loss": [
        0.5800982713699341,
        0.5015731453895569,
        0.4372382164001465,
        0.3823756277561188,
        0.32997775077819824,
        0.2890239357948303,
        0.238254576921463,
        0.2088061422109604,
        0.17205959558486938,
        0.1521357148885727,
        0.12812277674674988,
        0.11546271294355392,
        0.12485871464014053,
        0.0903138816356659,
        0.09963642805814743,
        0.08351562917232513,
        0.07777459919452667,
        0.07527635246515274,
        0.08592307567596436,
        0.06552252173423767,
        0.0654694214463234,
        0.06861367076635361,
        0.06281697005033493,
        0.05660349875688553,
        0.045579779893159866,
        0.059183914214372635,
        0.056574951857328415,
        0.06526019424200058,
        0.04364599660038948,
        0.05566006898880005,
        0.06235867738723755,
        0.04822935909032822,
        0.04522434622049332,
        0.040001265704631805,
        0.05163074657320976,
        0.04340355470776558,
        0.05149087682366371,
        0.0343947671353817,
        0.06783263385295868,
        0.03814840689301491,
        0.054036810994148254,
        0.03745820373296738,
        0.03617998585104942,
        0.054434314370155334,
        0.042497195303440094,
        0.035738807171583176,
        0.03216831386089325,
        0.03675122931599617,
        0.05756986513733864,
        0.03126749396324158,
        0.040953874588012695,
        0.028700051829218864,
        0.03584737703204155,
        0.02576175518333912,
        0.03209267184138298,
        0.04547712579369545,
        0.03207557275891304,
        0.03800145536661148,
        0.02808443084359169,
        0.056571900844573975,
        0.030742911621928215,
        0.03992372378706932,
        0.04055895283818245
    ]
}