{
    "accuracy": [
        0.8384464979171753,
        0.8828206062316895,
        0.8898555636405945,
        0.8911460041999817,
        0.8981392979621887,
        0.8949339985847473,
        0.8980976343154907,
        0.9008866548538208,
        0.9006369113922119,
        0.903384268283844,
        0.9036340117454529,
        0.9006369113922119,
        0.9023019671440125,
        0.9017192125320435,
        0.9005119800567627,
        0.9028431177139282,
        0.9062148928642273,
        0.9013445377349854,
        0.9030928611755371,
        0.9037172794342041,
        0.9049660563468933,
        0.9040502905845642,
        0.9022603631019592,
        0.905215859413147,
        0.905215859413147,
        0.9041751623153687,
        0.9026349782943726,
        0.9060483574867249,
        0.9038837552070618,
        0.9052574634552002,
        0.9011363983154297,
        0.9043000340461731,
        0.9056320786476135,
        0.9019689559936523,
        0.9080464839935303,
        0.9067143797874451,
        0.9060900211334229,
        0.904008686542511,
        0.9045081734657288
    ],
    "loss": [
        0.41696909070014954,
        0.29669472575187683,
        0.2823823094367981,
        0.2821870744228363,
        0.2705018222332001,
        0.28837504982948303,
        0.2893980145454407,
        0.27495330572128296,
        0.2797045111656189,
        0.2734236419200897,
        0.27574577927589417,
        0.2862562835216522,
        0.27955642342567444,
        0.2836081385612488,
        0.2919808328151703,
        0.2842826843261719,
        0.2797767221927643,
        0.2842811048030853,
        0.2765246033668518,
        0.2864099144935608,
        0.2839629650115967,
        0.28888559341430664,
        0.301741361618042,
        0.27196794748306274,
        0.2811935842037201,
        0.2845587730407715,
        0.288848340511322,
        0.28108251094818115,
        0.29135453701019287,
        0.2942728102207184,
        0.3015654981136322,
        0.2932945787906647,
        0.278377503156662,
        0.30835771560668945,
        0.2791692614555359,
        0.28795409202575684,
        0.28604674339294434,
        0.2836597263813019,
        0.2944844365119934
    ]
}