{
    "accuracy": [
        0.7350872159004211,
        0.7824168801307678,
        0.780918300151825,
        0.7838737964630127,
        0.7870790362358093,
        0.783665657043457,
        0.7903675436973572,
        0.7851225733757019,
        0.7933647036552429,
        0.7862465381622314,
        0.7911168336868286,
        0.7835407853126526,
        0.7889106273651123,
        0.790908694267273,
        0.7916579842567444,
        0.7884527444839478,
        0.7938225865364075,
        0.7852058410644531,
        0.7867460250854492,
        0.7886192202568054,
        0.7929900288581848,
        0.7896599173545837,
        0.7873704433441162,
        0.7946134805679321,
        0.7883694767951965,
        0.7920326590538025
    ],
    "loss": [
        0.5822948217391968,
        0.47020822763442993,
        0.46517202258110046,
        0.4592503607273102,
        0.453461229801178,
        0.4642672836780548,
        0.4481320083141327,
        0.456818163394928,
        0.4504880905151367,
        0.4580472707748413,
        0.4516107439994812,
        0.4622798562049866,
        0.45470741391181946,
        0.4530310034751892,
        0.4522554278373718,
        0.45467108488082886,
        0.4513394832611084,
        0.4615657329559326,
        0.46790310740470886,
        0.459423691034317,
        0.4503318965435028,
        0.45692941546440125,
        0.4536534547805786,
        0.44906678795814514,
        0.4564635455608368,
        0.45402106642723083
    ]
}