{
    "accuracy": [
        0.6815135478973389,
        0.7360029816627502,
        0.7464929223060608,
        0.7476584911346436,
        0.7533197402954102,
        0.7533197402954102,
        0.7561087012290955,
        0.7487407922744751,
        0.7534862160682678,
        0.7515714168548584,
        0.7565249800682068,
        0.7550264596939087,
        0.7585647106170654,
        0.7583149671554565,
        0.7570661306381226,
        0.7596886157989502,
        0.7568579912185669,
        0.7584814429283142,
        0.7613953351974487,
        0.7594388723373413,
        0.7559006214141846,
        0.7606044411659241,
        0.7591474652290344,
        0.761436939239502,
        0.7598967552185059,
        0.7581484317779541,
        0.7614786028862,
        0.7567331194877625,
        0.7618948221206665,
        0.7578986883163452,
        0.7586895823478699,
        0.7586063146591187,
        0.755401074886322,
        0.7581068277359009,
        0.760271430015564
    ],
    "loss": [
        0.6192482709884644,
        0.5181597471237183,
        0.5061555504798889,
        0.5059037804603577,
        0.49805885553359985,
        0.4979889392852783,
        0.49609532952308655,
        0.5033713579177856,
        0.49531450867652893,
        0.4965970814228058,
        0.49517807364463806,
        0.49176982045173645,
        0.48798948526382446,
        0.48695430159568787,
        0.4854918420314789,
        0.48514583706855774,
        0.4928029477596283,
        0.48983505368232727,
        0.4863511323928833,
        0.48970550298690796,
        0.4901121258735657,
        0.48975566029548645,
        0.49344733357429504,
        0.4939522445201874,
        0.4871174991130829,
        0.4922776222229004,
        0.48803970217704773,
        0.4937174320220947,
        0.48729565739631653,
        0.4911545515060425,
        0.488521009683609,
        0.4856277108192444,
        0.4926924705505371,
        0.48608827590942383,
        0.49425509572029114
    ]
}