{
    "accuracy": [
        0.7081962823867798,
        0.7533613443374634,
        0.7638512849807739,
        0.7661824226379395,
        0.7635182738304138,
        0.7642675638198853,
        0.771510660648346,
        0.7731757164001465,
        0.7758814692497253,
        0.7806268930435181,
        0.7792948484420776,
        0.7860383987426758,
        0.7825833559036255,
        0.7841235399246216,
        0.7843316793441772,
        0.788494348526001,
        0.7857469916343689,
        0.7926570177078247,
        0.7893269062042236,
        0.7938225865364075,
        0.794904887676239,
        0.8013570308685303,
        0.8006494045257568,
        0.7981933951377869,
        0.7989842891693115,
        0.8073928952217102,
        0.8034799695014954,
        0.806768536567688,
        0.8023977279663086,
        0.8122632503509521,
        0.8108479380607605,
        0.8108895421028137,
        0.8150938749313354,
        0.8145527243614197,
        0.8158847689628601,
        0.8154684901237488
    ],
    "loss": [
        0.5996906161308289,
        0.554143488407135,
        0.5283172130584717,
        0.5163354873657227,
        0.49782687425613403,
        0.4869045615196228,
        0.4718402326107025,
        0.4675699472427368,
        0.45869871973991394,
        0.44861480593681335,
        0.45004481077194214,
        0.44118037819862366,
        0.43879055976867676,
        0.43870067596435547,
        0.4354240596294403,
        0.43064096570014954,
        0.43243467807769775,
        0.4261069893836975,
        0.42350172996520996,
        0.4209214150905609,
        0.41315004229545593,
        0.4117312431335449,
        0.408521831035614,
        0.4103148281574249,
        0.4013616442680359,
        0.4000365138053894,
        0.4008273482322693,
        0.39520543813705444,
        0.3968436121940613,
        0.3867858350276947,
        0.38544711470603943,
        0.38768523931503296,
        0.38005056977272034,
        0.3805427849292755,
        0.3733682334423065,
        0.3724943995475769
    ]
}