Model,Accuracy,Precision,Recall,F1,AUC
SVC,0.6216519947555722,0.8139652130073103,0.7158058080248282,0.7617362585515451,0.3506924030041434
