{
    "classification_report": {
        "Mosquito": {
            "precision": 0.9358600583090378,
            "recall": 0.7753623188405797,
            "f1-score": 0.8480845442536328,
            "support": 414.0
        },
        "Not_Mosquito": {
            "precision": 0.9600515463917526,
            "recall": 0.9902525476295968,
            "f1-score": 0.9749182115594329,
            "support": 2257.0
        },
        "accuracy": 0.9569449644327968,
        "macro avg": {
            "precision": 0.9479558023503952,
            "recall": 0.8828074332350883,
            "f1-score": 0.9115013779065329,
            "support": 2671.0
        },
        "weighted avg": {
            "precision": 0.956301911024383,
            "recall": 0.9569449644327968,
            "f1-score": 0.9552592305543408,
            "support": 2671.0
        }
    },
    "confusion_matrix_path": "keras_training/keras_models_0807_performances_and_history/confusion_matrix_CustomCNN.png",
    "roc_auc": 0.9652910215989332,
    "roc_curve_path": "keras_training/keras_models_0807_performances_and_history/roc_curve_CustomCNN.png"
}