{
    "accuracy": [
        0.8573866486549377,
        0.8898971676826477,
        0.9050493240356445,
        0.9162469506263733,
        0.9308579564094543,
        0.9388502836227417,
        0.9500895142555237,
        0.9613703489303589,
        0.9658660292625427,
        0.9716938138008118,
        0.9774382710456848,
        0.9816842079162598,
        0.9824334979057312,
        0.9844315648078918,
        0.986970841884613,
        0.9883028864860535,
        0.9859301447868347,
        0.990592360496521
    ],
    "loss": [
        0.3497815728187561,
        0.28377074003219604,
        0.24347762763500214,
        0.20986558496952057,
        0.17771215736865997,
        0.15174110233783722,
        0.12644122540950775,
        0.10039893537759781,
        0.0882856547832489,
        0.07334776222705841,
        0.062593013048172,
        0.04958473518490791,
        0.04859431833028793,
        0.043719332665205,
        0.038088276982307434,
        0.03469042107462883,
        0.04246113449335098,
        0.02596581168472767
    ]
}