{
    "accuracy": [
        0.8575947880744934,
        0.8871914148330688,
        0.9005536437034607,
        0.9135411977767944,
        0.9244057536125183,
        0.9330224990844727,
        0.947425365447998,
        0.9550846815109253,
        0.9643258452415466,
        0.9698622226715088,
        0.9737751483917236,
        0.9791449904441833,
        0.9821004867553711,
        0.9843483567237854,
        0.9868875741958618
    ],
    "loss": [
        0.3505290150642395,
        0.2917785048484802,
        0.24893388152122498,
        0.22142690420150757,
        0.18712547421455383,
        0.16509555280208588,
        0.13124796748161316,
        0.11726915091276169,
        0.09424784779548645,
        0.0797291249036789,
        0.07111188769340515,
        0.05757461488246918,
        0.05007517337799072,
        0.04550296440720558,
        0.03861985728144646
    ]
}