{
    "classification_report": {
        "Mosquito": {
            "precision": 0.9096209912536443,
            "recall": 0.7536231884057971,
            "f1-score": 0.8243064729194187,
            "support": 414.0
        },
        "Not_Mosquito": {
            "precision": 0.9561855670103093,
            "recall": 0.9862649534780682,
            "f1-score": 0.9709923664122138,
            "support": 2257.0
        },
        "accuracy": 0.9502059153874953,
        "macro avg": {
            "precision": 0.9329032791319768,
            "recall": 0.8699440709419326,
            "f1-score": 0.8976494196658162,
            "support": 2671.0
        },
        "weighted avg": {
            "precision": 0.9489681449349595,
            "recall": 0.9502059153874953,
            "f1-score": 0.9482563275106725,
            "support": 2671.0
        }
    },
    "confusion_matrix_path": "keras_training/keras_models_0907_performances_and_history/confusion_matrix_CustomCNN.png",
    "roc_auc": 0.9682924192902811,
    "roc_curve_path": "keras_training/keras_models_0907_performances_and_history/roc_curve_CustomCNN.png"
}