{
    "accuracy": [
        0.8466469645500183,
        0.8789909482002258,
        0.8959746956825256,
        0.9002206325531006,
        0.9069641828536987,
        0.9117512106895447,
        0.9172875881195068,
        0.920409619808197,
        0.9268201589584351,
        0.9330641627311707
    ],
    "loss": [
        0.35844120383262634,
        0.30648961663246155,
        0.2726529836654663,
        0.2507381737232208,
        0.2316533923149109,
        0.21727170050144196,
        0.20083461701869965,
        0.1877690702676773,
        0.16978849470615387,
        0.15502548217773438
    ]
}