{
    "accuracy": [
        0.8509345054626465,
        0.8874828219413757,
        0.9018024206161499,
        0.9145402312278748,
        0.9220330715179443,
        0.9350206255912781,
        0.9406818747520447,
        0.9508388042449951,
        0.9574158191680908,
        0.9645339846611023
    ],
    "loss": [
        0.3470200300216675,
        0.2918718159198761,
        0.25011318922042847,
        0.21888171136379242,
        0.19454117119312286,
        0.16777433454990387,
        0.14760807156562805,
        0.1281525194644928,
        0.10774635523557663,
        0.0951920673251152
    ]
}