{
    "classification_report": {
        "Mosquito": {
            "precision": 0.9381818181818182,
            "recall": 0.6231884057971014,
            "f1-score": 0.7489114658925979,
            "support": 414.0
        },
        "Not_Mosquito": {
            "precision": 0.9348914858096828,
            "recall": 0.9924678777137793,
            "f1-score": 0.9628196862239415,
            "support": 2257.0
        },
        "accuracy": 0.9352302508423811,
        "macro avg": {
            "precision": 0.9365366519957505,
            "recall": 0.8078281417554404,
            "f1-score": 0.8558655760582697,
            "support": 2671.0
        },
        "weighted avg": {
            "precision": 0.9354014811679997,
            "recall": 0.9352302508423811,
            "f1-score": 0.9296643124998023,
            "support": 2671.0
        }
    },
    "confusion_matrix_path": "keras_training/keras_models_1607_performances_and_history/confusion_matrix_CustomCnn_noDense_conv2D.png",
    "roc_auc": 0.9336118013951228,
    "roc_curve_path": "keras_training/keras_models_1607_performances_and_history/roc_curve_CustomCnn_noDense_conv2D.png"
}