{
    "accuracy": [
        0.8655455112457275,
        0.8901469707489014,
        0.9073804020881653,
        0.9236565232276917,
        0.9393914341926575,
        0.9536694288253784,
        0.9660325646400452,
        0.9773133993148804,
        0.9853057265281677,
        0.9839736819267273
    ],
    "loss": [
        0.3398357331752777,
        0.28313013911247253,
        0.23651571571826935,
        0.19419556856155396,
        0.15186052024364471,
        0.11723069101572037,
        0.08821675181388855,
        0.06223702430725098,
        0.045254770666360855,
        0.04605993255972862
    ]
}