{
    "classification_report": {
        "Mosquito": {
            "precision": 0.930939226519337,
            "recall": 0.8140096618357487,
            "f1-score": 0.8685567010309279,
            "support": 414.0
        },
        "Not_Mosquito": {
            "precision": 0.9666522304027718,
            "recall": 0.9889233495790872,
            "f1-score": 0.9776609724047306,
            "support": 2257.0
        },
        "accuracy": 0.9618120554099588,
        "macro avg": {
            "precision": 0.9487957284610544,
            "recall": 0.901466505707418,
            "f1-score": 0.9231088367178293,
            "support": 2671.0
        },
        "weighted avg": {
            "precision": 0.9611167816540852,
            "recall": 0.9618120554099588,
            "f1-score": 0.9607500145804123,
            "support": 2671.0
        }
    },
    "confusion_matrix_path": "keras_training/keras_models_2506_performances_and_history/confusion_matrix_MobileNetV2.png",
    "roc_auc": 0.9874261289086663,
    "roc_curve_path": "keras_training/keras_models_2506_performances_and_history/roc_curve_MobileNetV2.png"
}