{
    "classification_report": {
        "Mosquito": {
            "precision": 0.8961352657004831,
            "recall": 0.8961352657004831,
            "f1-score": 0.8961352657004831,
            "support": 414.0
        },
        "Not_Mosquito": {
            "precision": 0.9809481612760301,
            "recall": 0.9809481612760301,
            "f1-score": 0.9809481612760301,
            "support": 2257.0
        },
        "accuracy": 0.9678023212280045,
        "macro avg": {
            "precision": 0.9385417134882565,
            "recall": 0.9385417134882565,
            "f1-score": 0.9385417134882565,
            "support": 2671.0
        },
        "weighted avg": {
            "precision": 0.9678023212280045,
            "recall": 0.9678023212280045,
            "f1-score": 0.9678023212280045,
            "support": 2671.0
        }
    },
    "confusion_matrix_path": "keras_training/keras_models_2506_performances_and_history/confusion_matrix_NASNetMobile.png",
    "roc_auc": 0.9849828445694447,
    "roc_curve_path": "keras_training/keras_models_2506_performances_and_history/roc_curve_NASNetMobile.png"
}