{
    "accuracy": [
        0.9303168058395386,
        0.9535861611366272,
        0.9557090997695923,
        0.9563335180282593,
        0.9575822949409485,
        0.9582483172416687,
        0.958081841468811,
        0.9577072262763977,
        0.9579569697380066,
        0.9587894678115845,
        0.9575822949409485,
        0.9567081332206726,
        0.9578737020492554,
        0.9602047801017761,
        0.9603297114372253,
        0.9595387578010559,
        0.9579569697380066,
        0.9590392708778381,
        0.9599550366401672,
        0.959871768951416,
        0.9589560031890869,
        0.961078941822052,
        0.9572492837905884,
        0.9589143991470337,
        0.9602047801017761,
        0.9593306183815002,
        0.9581234455108643,
        0.9577072262763977,
        0.9585397243499756,
        0.9600799083709717,
        0.9577904343605042,
        0.9595387578010559,
        0.9597885608673096,
        0.9597468972206116,
        0.9579569697380066
    ],
    "loss": [
        0.1896631270647049,
        0.12766379117965698,
        0.11878779530525208,
        0.11631369590759277,
        0.11523061245679855,
        0.11355515569448471,
        0.11331664770841599,
        0.11363376677036285,
        0.11433009058237076,
        0.11479058861732483,
        0.11532957851886749,
        0.11631481349468231,
        0.11484989523887634,
        0.10768987983465195,
        0.10916581749916077,
        0.10969647020101547,
        0.11143577098846436,
        0.11491873115301132,
        0.1102031022310257,
        0.1102219894528389,
        0.11197998374700546,
        0.11053281277418137,
        0.11840320378541946,
        0.11475048214197159,
        0.1128506138920784,
        0.10904057323932648,
        0.11324833333492279,
        0.11494661867618561,
        0.11234162747859955,
        0.11183097213506699,
        0.11360222101211548,
        0.10973739624023438,
        0.11334434151649475,
        0.11135685443878174,
        0.11616846919059753
    ]
}