{
    "accuracy": [
        0.932856023311615,
        0.9502143859863281,
        0.9542105197906494,
        0.9534612894058228,
        0.9557090997695923,
        0.9569995403289795,
        0.9562502503395081,
        0.9562086462974548,
        0.9577904343605042,
        0.9557507634162903,
        0.9570828080177307,
        0.9578737020492554,
        0.9560005068778992,
        0.9558756351470947,
        0.9577488303184509,
        0.9551679491996765,
        0.957457423210144,
        0.9567081332206726,
        0.9573325514793396,
        0.9554593563079834,
        0.9565832614898682,
        0.958081841468811,
        0.9551263451576233,
        0.9565832614898682,
        0.9564583897590637,
        0.9577904343605042,
        0.9584981203079224,
        0.9556674957275391,
        0.9556258320808411,
        0.9553760886192322,
        0.9563335180282593,
        0.9548766016960144
    ],
    "loss": [
        0.16961748898029327,
        0.12739238142967224,
        0.11834122240543365,
        0.117608942091465,
        0.11514773964881897,
        0.11373250931501389,
        0.11596818268299103,
        0.11468908935785294,
        0.11432268470525742,
        0.11294465512037277,
        0.11497803032398224,
        0.11410725861787796,
        0.11447656899690628,
        0.11313990503549576,
        0.11109417676925659,
        0.11303264647722244,
        0.11201183497905731,
        0.11118632555007935,
        0.11250196397304535,
        0.11358477920293808,
        0.11238791793584824,
        0.11358923465013504,
        0.11618184298276901,
        0.11421956866979599,
        0.11529069393873215,
        0.1117955818772316,
        0.11289110779762268,
        0.11509107053279877,
        0.11515922099351883,
        0.11527248471975327,
        0.11631076782941818,
        0.11526422202587128
    ]
}