{
    "accuracy": [
        0.9480081796646118,
        0.9634516835212708,
        0.9685717821121216,
        0.9696540832519531,
        0.9704866409301758,
        0.9714856743812561,
        0.9727344512939453,
        0.9700286984443665,
        0.9728177189826965,
        0.9728593230247498,
        0.9720684289932251,
        0.9722349643707275,
        0.9719019532203674,
        0.9732339978218079,
        0.9727761149406433,
        0.9728593230247498,
        0.9722765684127808,
        0.9734004735946655,
        0.9740664958953857,
        0.9754402041435242,
        0.9720268249511719,
        0.9741081595420837,
        0.975356936454773,
        0.972359836101532,
        0.9715689420700073,
        0.9744827747344971,
        0.9731923341751099,
        0.9722349643707275,
        0.9739832878112793,
        0.9746909141540527,
        0.9734004735946655,
        0.97352534532547,
        0.973567008972168,
        0.974149763584137,
        0.9742746353149414,
        0.9721100330352783,
        0.9726928472518921,
        0.9722349643707275,
        0.9736086130142212,
        0.9736086130142212,
        0.97352534532547
    ],
    "loss": [
        0.13893349468708038,
        0.09609564393758774,
        0.08382667601108551,
        0.08186814934015274,
        0.08380577713251114,
        0.07673602551221848,
        0.07863270491361618,
        0.07917675375938416,
        0.07603181898593903,
        0.07931091636419296,
        0.08075778186321259,
        0.07565870881080627,
        0.07988740503787994,
        0.07683961093425751,
        0.07742919772863388,
        0.07881997525691986,
        0.07640889286994934,
        0.07604559510946274,
        0.07526096701622009,
        0.07300393283367157,
        0.08018048107624054,
        0.0733654797077179,
        0.07251908630132675,
        0.08048548549413681,
        0.08229906857013702,
        0.07812053710222244,
        0.07952854782342911,
        0.08043796569108963,
        0.07291737198829651,
        0.0767015591263771,
        0.07868319749832153,
        0.07665082812309265,
        0.07957053184509277,
        0.07521335035562515,
        0.07744248956441879,
        0.08001276850700378,
        0.08152401447296143,
        0.0795801430940628,
        0.07794517278671265,
        0.07783251255750656,
        0.07839847356081009
    ]
}