{
    "classification_report": {
        "Mosquito": {
            "precision": 0.9261213720316622,
            "recall": 0.8478260869565217,
            "f1-score": 0.8852459016393442,
            "support": 414.0
        },
        "Not_Mosquito": {
            "precision": 0.9725130890052356,
            "recall": 0.9875941515285778,
            "f1-score": 0.9799956034293251,
            "support": 2257.0
        },
        "accuracy": 0.9659303631598652,
        "macro avg": {
            "precision": 0.949317230518449,
            "recall": 0.9177101192425497,
            "f1-score": 0.9326207525343346,
            "support": 2671.0
        },
        "weighted avg": {
            "precision": 0.9653224597176806,
            "recall": 0.9659303631598652,
            "f1-score": 0.9653095770193467,
            "support": 2671.0
        }
    },
    "confusion_matrix_path": "keras_models_performances/confusion_matrix_MobileNetV2.png",
    "roc_auc": 0.9887146590639105,
    "roc_curve_path": "keras_models_performances/roc_curve_MobileNetV2.png"
}