{
    "classification_report": {
        "Mosquito": {
            "precision": 0.9153439153439153,
            "recall": 0.8357487922705314,
            "f1-score": 0.8737373737373737,
            "support": 414.0
        },
        "Not_Mosquito": {
            "precision": 0.9703445268207588,
            "recall": 0.9858218874612317,
            "f1-score": 0.978021978021978,
            "support": 2257.0
        },
        "accuracy": 0.9625608386372145,
        "macro avg": {
            "precision": 0.9428442210823371,
            "recall": 0.9107853398658816,
            "f1-score": 0.9258796758796759,
            "support": 2671.0
        },
        "weighted avg": {
            "precision": 0.9618195350006864,
            "recall": 0.9625608386372145,
            "f1-score": 0.9618580595742705,
            "support": 2671.0
        }
    },
    "confusion_matrix_path": "keras_training/keras_models_0207_performances_and_history/confusion_matrix_ResNet50.png",
    "roc_auc": 0.9821393025241921,
    "roc_curve_path": "keras_training/keras_models_0207_performances_and_history/roc_curve_ResNet50.png"
}