{
    "classification_report": {
        "Mosquito": {
            "precision": 0.8768844221105527,
            "recall": 0.8429951690821256,
            "f1-score": 0.8596059113300493,
            "support": 414.0
        },
        "Not_Mosquito": {
            "precision": 0.9714034315882094,
            "recall": 0.9782897651750111,
            "f1-score": 0.9748344370860927,
            "support": 2257.0
        },
        "accuracy": 0.9573193560464246,
        "macro avg": {
            "precision": 0.9241439268493811,
            "recall": 0.9106424671285683,
            "f1-score": 0.917220174208071,
            "support": 2671.0
        },
        "weighted avg": {
            "precision": 0.956753162054795,
            "recall": 0.9573193560464246,
            "f1-score": 0.9569742312968744,
            "support": 2671.0
        }
    },
    "confusion_matrix_path": "keras_training/keras_models_0307_performances_and_history/confusion_matrix_MobileNetV2.png",
    "roc_auc": 0.9822468584050909,
    "roc_curve_path": "keras_training/keras_models_0307_performances_and_history/roc_curve_MobileNetV2.png"
}