{
    "classification_report": {
        "Mosquito": {
            "precision": 0.8949152542372881,
            "recall": 0.6376811594202898,
            "f1-score": 0.7447108603667136,
            "support": 414.0
        },
        "Not_Mosquito": {
            "precision": 0.9368686868686869,
            "recall": 0.9862649534780682,
            "f1-score": 0.960932441182819,
            "support": 2257.0
        },
        "accuracy": 0.9322351179333583,
        "macro avg": {
            "precision": 0.9158919705529875,
            "recall": 0.8119730564491789,
            "f1-score": 0.8528216507747663,
            "support": 2671.0
        },
        "weighted avg": {
            "precision": 0.9303659833458867,
            "recall": 0.9322351179333583,
            "f1-score": 0.9274185009140554,
            "support": 2671.0
        }
    },
    "confusion_matrix_path": "keras_training/keras_models_0307_performances_and_history/confusion_matrix_NASNetMobile.png",
    "roc_auc": 0.9511744460069478,
    "roc_curve_path": "keras_training/keras_models_0307_performances_and_history/roc_curve_NASNetMobile.png"
}