{
    "accuracy": [
        0.8976397514343262,
        0.9144986271858215,
        0.9169962406158447,
        0.9165382981300354,
        0.919202446937561,
        0.9180784821510315,
        0.9177454710006714,
        0.9202430844306946,
        0.9186196327209473,
        0.9159139394760132,
        0.9159555435180664,
        0.9187861680984497,
        0.9173292517662048,
        0.915789008140564,
        0.9183282852172852,
        0.9175373315811157,
        0.9182450175285339,
        0.9168713092803955,
        0.9173292517662048,
        0.9165382981300354,
        0.9186612963676453,
        0.9187861680984497,
        0.9159555435180664,
        0.9175373315811157,
        0.9176622629165649,
        0.9178287386894226,
        0.917037844657898,
        0.916455090045929,
        0.9177038669586182,
        0.916455090045929
    ],
    "loss": [
        0.2815907299518585,
        0.23239435255527496,
        0.22164227068424225,
        0.22220207750797272,
        0.21910269558429718,
        0.22095276415348053,
        0.21627286076545715,
        0.2148386836051941,
        0.21838456392288208,
        0.21991996467113495,
        0.22553178668022156,
        0.21535742282867432,
        0.22078508138656616,
        0.21994052827358246,
        0.2170354723930359,
        0.21535387635231018,
        0.22139018774032593,
        0.22029338777065277,
        0.21743519604206085,
        0.2163723111152649,
        0.22100241482257843,
        0.21667326986789703,
        0.22101075947284698,
        0.21422918140888214,
        0.21981392800807953,
        0.21592247486114502,
        0.21968886256217957,
        0.21956147253513336,
        0.21501818299293518,
        0.22263839840888977
    ]
}