{
    "accuracy": [
        0.9236565232276917,
        0.9411397576332092,
        0.9485076665878296,
        0.9475502371788025,
        0.9478000402450562,
        0.9475502371788025,
        0.9445947408676147,
        0.9459268450737,
        0.9485076665878296,
        0.944719672203064,
        0.949256956577301,
        0.9463430643081665,
        0.9466760754585266,
        0.9472588896751404,
        0.9463847279548645,
        0.9458019137382507,
        0.9458019137382507,
        0.9459268450737,
        0.9460100531578064
    ],
    "loss": [
        0.20206759870052338,
        0.15569038689136505,
        0.14119282364845276,
        0.1422998607158661,
        0.14090043306350708,
        0.14480482041835785,
        0.1502341479063034,
        0.14573334157466888,
        0.14196819067001343,
        0.15075643360614777,
        0.14195096492767334,
        0.14501690864562988,
        0.1451369971036911,
        0.1440349519252777,
        0.14650578796863556,
        0.14404217898845673,
        0.1447318196296692,
        0.14837966859340668,
        0.14920637011528015
    ]
}