{
    "accuracy": [
        0.920992374420166,
        0.9401823282241821,
        0.9425966739654541,
        0.9413895010948181,
        0.9436373710632324,
        0.9462181925773621,
        0.9435957074165344,
        0.9448861479759216,
        0.9435124397277832,
        0.9460100531578064,
        0.9436373710632324,
        0.9436789751052856,
        0.9467593431472778,
        0.9453440308570862,
        0.9443449974060059,
        0.9437622427940369,
        0.944095253944397,
        0.9457187056541443,
        0.9464263319969177,
        0.9470090866088867,
        0.9436789751052856,
        0.9472588896751404,
        0.9462181925773621,
        0.9445531368255615,
        0.9482163190841675,
        0.945302426815033,
        0.9443033933639526,
        0.9466760754585266,
        0.9478833079338074,
        0.9448028802871704,
        0.9439287185668945,
        0.9467593431472778,
        0.9450526833534241,
        0.9460517168045044,
        0.9441368579864502,
        0.9459684491157532,
        0.9457603096961975
    ],
    "loss": [
        0.24276496469974518,
        0.174594447016716,
        0.17502066493034363,
        0.1712150275707245,
        0.1786930114030838,
        0.16545222699642181,
        0.18421611189842224,
        0.17505095899105072,
        0.18545053899288177,
        0.1745297610759735,
        0.18797554075717926,
        0.18548066914081573,
        0.17738711833953857,
        0.17768502235412598,
        0.18075776100158691,
        0.18184225261211395,
        0.18827880918979645,
        0.18101420998573303,
        0.1774320900440216,
        0.17842121422290802,
        0.18616192042827606,
        0.17439216375350952,
        0.17841720581054688,
        0.19006364047527313,
        0.17521509528160095,
        0.17647020518779755,
        0.180045023560524,
        0.1808527261018753,
        0.1777041107416153,
        0.1865409016609192,
        0.18361115455627441,
        0.1829236000776291,
        0.18482983112335205,
        0.17730629444122314,
        0.1834026277065277,
        0.17710928618907928,
        0.17655204236507416
    ]
}