{
    "accuracy": [
        0.920367956161499,
        0.944678008556366,
        0.9465928673744202,
        0.9485493302345276,
        0.946509599685669,
        0.947425365447998,
        0.9484660625457764,
        0.9478833079338074,
        0.9478416442871094,
        0.9473421573638916,
        0.9472172260284424,
        0.9489239454269409,
        0.9475919008255005,
        0.9487990736961365,
        0.9507138729095459,
        0.9481330513954163,
        0.9464679956436157
    ],
    "loss": [
        0.2146289050579071,
        0.1506950855255127,
        0.14234845340251923,
        0.13927991688251495,
        0.13878680765628815,
        0.1398928314447403,
        0.13803903758525848,
        0.13899822533130646,
        0.13733398914337158,
        0.14564844965934753,
        0.142900288105011,
        0.13885816931724548,
        0.13743194937705994,
        0.14047673344612122,
        0.13329660892486572,
        0.13755761086940765,
        0.14391639828681946
    ]
}