{
    "classification_report": {
        "Mosquito": {
            "precision": 0.0,
            "recall": 0.0,
            "f1-score": 0.0,
            "support": 414.0
        },
        "Not_Mosquito": {
            "precision": 0.8450018719580681,
            "recall": 1.0,
            "f1-score": 0.9159902597402597,
            "support": 2257.0
        },
        "accuracy": 0.8450018719580681,
        "macro avg": {
            "precision": 0.42250093597903404,
            "recall": 0.5,
            "f1-score": 0.45799512987012986,
            "support": 2671.0
        },
        "weighted avg": {
            "precision": 0.7140281636126393,
            "recall": 0.8450018719580681,
            "f1-score": 0.7740134841758766,
            "support": 2671.0
        }
    },
    "confusion_matrix_path": "keras_training/keras_models_1807_performances_and_history/confusion_matrix_MobileNetV2_noDenseImproved.png",
    "roc_auc": 0.5,
    "roc_curve_path": "keras_training/keras_models_1807_performances_and_history/roc_curve_MobileNetV2_noDenseImproved.png"
}