{
    "accuracy": [
        0.8446905016899109,
        0.844440758228302,
        0.8437747359275818,
        0.843816339969635,
        0.8436082005500793,
        0.8447321057319641,
        0.8448986411094666,
        0.8448986411094666,
        0.8448986411094666,
        0.8448986411094666,
        0.8448986411094666,
        0.8448986411094666,
        0.8448986411094666,
        0.8448153734207153,
        0.8447737693786621,
        0.8448570370674133,
        0.8448570370674133,
        0.8448153734207153,
        0.8448570370674133,
        0.8448570370674133,
        0.8448570370674133,
        0.8448986411094666,
        0.8448986411094666,
        0.8448986411094666,
        0.8448986411094666,
        0.8448986411094666,
        0.8448986411094666,
        0.8448986411094666,
        0.8448986411094666
    ],
    "loss": [
        7.967478275299072,
        7.971755027770996,
        7.974547863006592,
        7.979781150817871,
        7.9757795333862305,
        7.968724727630615,
        7.9692912101745605,
        7.969296455383301,
        7.967198848724365,
        7.971346378326416,
        7.965137481689453,
        7.971263885498047,
        7.967228889465332,
        7.961093425750732,
        7.971251010894775,
        7.9691853523254395,
        7.971213340759277,
        7.971227645874023,
        7.971219539642334,
        7.971217155456543,
        7.971263885498047,
        7.971230506896973,
        7.971201419830322,
        7.9712300300598145,
        7.971231937408447,
        7.967161655426025,
        7.971197605133057,
        7.971222400665283,
        7.969180583953857
    ]
}