{
    "classification_report": {
        "Mosquito": {
            "precision": 0.9535452322738386,
            "recall": 0.9420289855072463,
            "f1-score": 0.9477521263669502,
            "support": 414.0
        },
        "Not_Mosquito": {
            "precision": 0.9893899204244032,
            "recall": 0.9915817456801064,
            "f1-score": 0.9904846204912592,
            "support": 2257.0
        },
        "accuracy": 0.9839011606140022,
        "macro avg": {
            "precision": 0.971467576349121,
            "recall": 0.9668053655936764,
            "f1-score": 0.9691183734291047,
            "support": 2671.0
        },
        "weighted avg": {
            "precision": 0.9838340608608188,
            "recall": 0.9839011606140022,
            "f1-score": 0.9838611638954283,
            "support": 2671.0
        }
    },
    "confusion_matrix_path": "keras_models_performances/confusion_matrix_ResNet50.png",
    "roc_auc": 0.998056502689432,
    "roc_curve_path": "keras_models_performances/roc_curve_ResNet50.png"
}