{
    "accuracy": [
        0.8488115668296814,
        0.876326858997345,
        0.8921866416931152,
        0.9017608165740967,
        0.9084627032279968,
        0.9154976606369019,
        0.9198268055915833,
        0.9269450306892395,
        0.9350622296333313,
        0.94347083568573
    ],
    "loss": [
        0.3687189221382141,
        0.3184475004673004,
        0.28118425607681274,
        0.25053179264068604,
        0.23251041769981384,
        0.21068771183490753,
        0.19382865726947784,
        0.17620542645454407,
        0.15777485072612762,
        0.1392524540424347
    ]
}