{
    "classification_report": {
        "Mosquito": {
            "precision": 0.7947154471544715,
            "recall": 0.9444444444444444,
            "f1-score": 0.8631346578366446,
            "support": 414.0
        },
        "Not_Mosquito": {
            "precision": 0.9893715341959335,
            "recall": 0.9549509366636931,
            "f1-score": 0.9718565592374036,
            "support": 2242.0
        },
        "accuracy": 0.9533132530120482,
        "macro avg": {
            "precision": 0.8920434906752025,
            "recall": 0.9496976905540688,
            "f1-score": 0.917495608537024,
            "support": 2656.0
        },
        "weighted avg": {
            "precision": 0.9590298097851032,
            "recall": 0.9533132530120482,
            "f1-score": 0.9549096965943635,
            "support": 2656.0
        }
    },
    "confusion_matrix_path": "keras_training/keras_models_3107_performances_and_history/confusion_matrix_ResNet50_ClassicDenseClassifier.png",
    "roc_auc": 0.9848112666830426,
    "roc_curve_path": "keras_training/keras_models_3107_performances_and_history/roc_curve_ResNet50_ClassicDenseClassifier.png"
}