{
    "classification_report": {
        "Mosquito": {
            "precision": 0.7558139534883721,
            "recall": 0.9420289855072463,
            "f1-score": 0.8387096774193549,
            "support": 414.0
        },
        "Not_Mosquito": {
            "precision": 0.9887850467289719,
            "recall": 0.943800178412132,
            "f1-score": 0.9657690552259243,
            "support": 2242.0
        },
        "accuracy": 0.9435240963855421,
        "macro avg": {
            "precision": 0.872299500108672,
            "recall": 0.9429145819596891,
            "f1-score": 0.9022393663226396,
            "support": 2656.0
        },
        "weighted avg": {
            "precision": 0.9524710284301736,
            "recall": 0.9435240963855421,
            "f1-score": 0.94596386606481,
            "support": 2656.0
        }
    },
    "confusion_matrix_path": "keras_training/keras_models_3007_performances_and_history/confusion_matrix_MobileNetV2_ClassicDenseClassifier.png",
    "roc_auc": 0.9880369063163928,
    "roc_curve_path": "keras_training/keras_models_3007_performances_and_history/roc_curve_MobileNetV2_ClassicDenseClassifier.png"
}