{
    "accuracy": [
        0.8807500004768372,
        0.9071249961853027,
        0.9086666703224182,
        0.9174583554267883,
        0.9238333106040955,
        0.9210000038146973,
        0.921750009059906,
        0.922124981880188,
        0.9257500171661377,
        0.9231666922569275,
        0.9262083172798157,
        0.9290416836738586,
        0.9288333058357239,
        0.9272083044052124,
        0.9245833158493042,
        0.9293749928474426,
        0.9308333396911621,
        0.9285833239555359,
        0.9271249771118164,
        0.9291250109672546,
        0.9308333396911621,
        0.9273750185966492,
        0.9284166693687439,
        0.9240000247955322,
        0.9300000071525574,
        0.9298333525657654,
        0.9318749904632568,
        0.9289166927337646,
        0.9269999861717224,
        0.9317083358764648,
        0.9292500019073486,
        0.9296666383743286,
        0.9334166646003723,
        0.9293749928474426,
        0.9299583435058594,
        0.9283333420753479,
        0.9269166588783264,
        0.9304166436195374,
        0.9321666955947876,
        0.9280833601951599,
        0.9306666851043701,
        0.9301249980926514,
        0.9310833215713501,
        0.9314166903495789,
        0.9291666746139526,
        0.9319166541099548,
        0.9303749799728394,
        0.9303749799728394,
        0.9313750267028809,
        0.9272083044052124,
        0.9299583435058594,
        0.9309166669845581,
        0.9307500123977661,
        0.9324166774749756,
        0.9325833320617676,
        0.934499979019165
    ],
    "f1_score": [
        0.8680296540260315,
        0.8974682092666626,
        0.8988646268844604,
        0.9091228246688843,
        0.9155556559562683,
        0.9124201536178589,
        0.9130206108093262,
        0.9138394594192505,
        0.917410135269165,
        0.9152019619941711,
        0.9185563325881958,
        0.9215493202209473,
        0.921294093132019,
        0.9194396734237671,
        0.916201114654541,
        0.9214229583740234,
        0.922991156578064,
        0.9208122491836548,
        0.9188377857208252,
        0.9214160442352295,
        0.9228436946868896,
        0.9194128513336182,
        0.9210112690925598,
        0.915682315826416,
        0.9221211671829224,
        0.9223158359527588,
        0.9241294264793396,
        0.9212527275085449,
        0.9188812375068665,
        0.9239768981933594,
        0.9213930368423462,
        0.9213727712631226,
        0.9258941411972046,
        0.9211196899414062,
        0.922468900680542,
        0.9197735786437988,
        0.9189473390579224,
        0.9227076768875122,
        0.9243873357772827,
        0.9200640916824341,
        0.9228744506835938,
        0.922481894493103,
        0.9231460690498352,
        0.9236276149749756,
        0.9209200143814087,
        0.924390971660614,
        0.9224452972412109,
        0.9225130677223206,
        0.9234126806259155,
        0.9194766283035278,
        0.922333300113678,
        0.9231733679771423,
        0.9233509302139282,
        0.9247783422470093,
        0.9251221418380737,
        0.9271259307861328
    ],
    "loss": [
        0.4435805380344391,
        0.36224600672721863,
        0.41081294417381287,
        0.37691405415534973,
        0.36171504855155945,
        0.37836694717407227,
        0.41351819038391113,
        0.3925292193889618,
        0.39799150824546814,
        0.41952550411224365,
        0.408267080783844,
        0.3936747610569,
        0.4111059308052063,
        0.4129956066608429,
        0.43668311834335327,
        0.4200029671192169,
        0.40510112047195435,
        0.40898412466049194,
        0.44427648186683655,
        0.41675347089767456,
        0.41580408811569214,
        0.44781380891799927,
        0.4509390890598297,
        0.47308874130249023,
        0.4316544234752655,
        0.44505223631858826,
        0.40796101093292236,
        0.44532522559165955,
        0.46895313262939453,
        0.4144877791404724,
        0.46036580204963684,
        0.44790178537368774,
        0.4192139506340027,
        0.44681140780448914,
        0.430869460105896,
        0.4605908691883087,
        0.4417697787284851,
        0.4314133822917938,
        0.41820162534713745,
        0.4610363245010376,
        0.4431750178337097,
        0.4428921639919281,
        0.4376712739467621,
        0.43348202109336853,
        0.4694695770740509,
        0.43186861276626587,
        0.42820942401885986,
        0.45087698101997375,
        0.4369966983795166,
        0.4604833126068115,
        0.4543027877807617,
        0.441884309053421,
        0.4334597587585449,
        0.4394160211086273,
        0.42726701498031616,
        0.40440934896469116
    ],
    "weighted_accuracy": [
        0.8797854781150818,
        0.9077670574188232,
        0.9088885188102722,
        0.9188069105148315,
        0.9243414998054504,
        0.9214501976966858,
        0.9218775629997253,
        0.9228840470314026,
        0.9258987903594971,
        0.9242762923240662,
        0.9273843765258789,
        0.9300475120544434,
        0.9298067688941956,
        0.9280689358711243,
        0.9248624444007874,
        0.9295864105224609,
        0.9309983849525452,
        0.9292201399803162,
        0.9271507263183594,
        0.9297676682472229,
        0.9307710528373718,
        0.9278626441955566,
        0.9296703934669495,
        0.924432098865509,
        0.9301990866661072,
        0.9307117462158203,
        0.932045042514801,
        0.9296521544456482,
        0.9273042678833008,
        0.931939423084259,
        0.9296935200691223,
        0.9293054938316345,
        0.9337186217308044,
        0.9290615916252136,
        0.9308164119720459,
        0.9277486205101013,
        0.9274739027023315,
        0.9308610558509827,
        0.9322254061698914,
        0.928384006023407,
        0.9309147000312805,
        0.9307677149772644,
        0.9310433864593506,
        0.9316341876983643,
        0.928922712802887,
        0.9324142336845398,
        0.9304920434951782,
        0.9306017756462097,
        0.9312960505485535,
        0.9280927181243896,
        0.9305976629257202,
        0.9312513470649719,
        0.9316213726997375,
        0.9326876401901245,
        0.9331153035163879,
        0.9348267316818237
    ],
    "weighted_f1_score": [
        0.8680296540260315,
        0.8974682092666626,
        0.8988646268844604,
        0.9091228246688843,
        0.9155556559562683,
        0.9124201536178589,
        0.9130206108093262,
        0.9138394594192505,
        0.917410135269165,
        0.9152019619941711,
        0.9185563325881958,
        0.9215493202209473,
        0.921294093132019,
        0.9194396734237671,
        0.916201114654541,
        0.9214229583740234,
        0.922991156578064,
        0.9208122491836548,
        0.9188377857208252,
        0.9214160442352295,
        0.9228436946868896,
        0.9194128513336182,
        0.9210112690925598,
        0.915682315826416,
        0.9221211671829224,
        0.9223158359527588,
        0.9241294264793396,
        0.9212527275085449,
        0.9188812375068665,
        0.9239768981933594,
        0.9213930368423462,
        0.9213727712631226,
        0.9258941411972046,
        0.9211196899414062,
        0.922468900680542,
        0.9197735786437988,
        0.9189473390579224,
        0.9227076768875122,
        0.9243873357772827,
        0.9200640916824341,
        0.9228744506835938,
        0.922481894493103,
        0.9231460690498352,
        0.9236276149749756,
        0.9209200143814087,
        0.924390971660614,
        0.9224452972412109,
        0.9225130677223206,
        0.9234126806259155,
        0.9194766283035278,
        0.922333300113678,
        0.9231733679771423,
        0.9233509302139282,
        0.9247783422470093,
        0.9251221418380737,
        0.9271259307861328
    ]
}