{
    "accuracy": [
        0.8414999842643738,
        0.8690000176429749,
        0.8711249828338623,
        0.874625027179718,
        0.8742499947547913,
        0.8766666650772095,
        0.877958357334137,
        0.8787916898727417,
        0.8732916712760925,
        0.8786249756813049,
        0.8766250014305115,
        0.8774999976158142,
        0.8770416378974915,
        0.8793333172798157,
        0.878166675567627,
        0.8777916431427002,
        0.8774166703224182,
        0.8759999871253967,
        0.8817083239555359,
        0.8771250247955322,
        0.878083348274231,
        0.8794999718666077,
        0.8758749961853027,
        0.878166675567627,
        0.8786666393280029,
        0.8778749704360962,
        0.8783749938011169,
        0.8773333430290222,
        0.8797083497047424,
        0.8836249709129333,
        0.8800833225250244,
        0.8793333172798157,
        0.878208339214325,
        0.8815000057220459,
        0.874625027179718,
        0.8777916431427002,
        0.8822500109672546,
        0.878041684627533,
        0.8763333559036255,
        0.878250002861023,
        0.8785833120346069,
        0.8773750066757202,
        0.8758333325386047,
        0.8802499771118164,
        0.8812916874885559,
        0.8822916746139526
    ],
    "f1_score": [
        0.8277866244316101,
        0.8568440675735474,
        0.8572109937667847,
        0.8622264862060547,
        0.8622820973396301,
        0.8633978366851807,
        0.8630960583686829,
        0.8646587133407593,
        0.8607999086380005,
        0.8655848503112793,
        0.8623822927474976,
        0.8660513162612915,
        0.8642309904098511,
        0.8658303022384644,
        0.8653703927993774,
        0.8637707233428955,
        0.8645210862159729,
        0.862616240978241,
        0.8678498268127441,
        0.8640522956848145,
        0.8642715215682983,
        0.8660954236984253,
        0.8621889352798462,
        0.8654297590255737,
        0.8651503324508667,
        0.8648384213447571,
        0.8655579686164856,
        0.8634735345840454,
        0.8669173717498779,
        0.8703129291534424,
        0.8664743900299072,
        0.8666666746139526,
        0.8629488348960876,
        0.8681293725967407,
        0.8609906435012817,
        0.8649853467941284,
        0.8702813386917114,
        0.8650953769683838,
        0.8619325757026672,
        0.8653859496116638,
        0.8641527891159058,
        0.8643878698348999,
        0.862155556678772,
        0.8665692806243896,
        0.8676828145980835,
        0.8681977391242981
    ],
    "loss": [
        0.389578640460968,
        0.3254731595516205,
        0.3296831548213959,
        0.3340233862400055,
        0.3326144814491272,
        0.3278270363807678,
        0.32725104689598083,
        0.3289203345775604,
        0.33496949076652527,
        0.3295527696609497,
        0.3307473063468933,
        0.32277750968933105,
        0.33355826139450073,
        0.3312572240829468,
        0.33155855536460876,
        0.32437729835510254,
        0.3365807831287384,
        0.34116214513778687,
        0.32773685455322266,
        0.33179721236228943,
        0.327447772026062,
        0.32778215408325195,
        0.3335113525390625,
        0.32997578382492065,
        0.339419960975647,
        0.32656723260879517,
        0.3329905569553375,
        0.3343430757522583,
        0.33386796712875366,
        0.31276607513427734,
        0.3276972770690918,
        0.3267305791378021,
        0.33301836252212524,
        0.3188434839248657,
        0.339721143245697,
        0.33609479665756226,
        0.3209441006183624,
        0.33394724130630493,
        0.3385891914367676,
        0.3328520655632019,
        0.33496448397636414,
        0.3300992250442505,
        0.33300668001174927,
        0.3281698524951935,
        0.31841960549354553,
        0.3283005654811859
    ],
    "weighted_accuracy": [
        0.8427500128746033,
        0.870173454284668,
        0.869429349899292,
        0.8748315572738647,
        0.8751576542854309,
        0.8753549456596375,
        0.8740493059158325,
        0.8759408593177795,
        0.8734946250915527,
        0.8774173855781555,
        0.873808741569519,
        0.8788479566574097,
        0.8764272928237915,
        0.8773713111877441,
        0.8774353265762329,
        0.8751706480979919,
        0.8765800595283508,
        0.8745482563972473,
        0.8789697885513306,
        0.8760645389556885,
        0.87576824426651,
        0.87762051820755,
        0.8740085363388062,
        0.8774753212928772,
        0.8767579197883606,
        0.8767547011375427,
        0.8775717616081238,
        0.8750087022781372,
        0.8787996172904968,
        0.8814601302146912,
        0.8778419494628906,
        0.8786741495132446,
        0.8737175464630127,
        0.8795182704925537,
        0.8729532361030579,
        0.8770339488983154,
        0.8823622465133667,
        0.877058744430542,
        0.8733072876930237,
        0.8773881793022156,
        0.8752831816673279,
        0.8764871954917908,
        0.8739838004112244,
        0.8779142498970032,
        0.8788997530937195,
        0.8791085481643677
    ],
    "weighted_f1_score": [
        0.8277866244316101,
        0.8568440675735474,
        0.8572109937667847,
        0.8622264862060547,
        0.8622820973396301,
        0.8633978366851807,
        0.8630960583686829,
        0.8646587133407593,
        0.8607999086380005,
        0.8655848503112793,
        0.8623822927474976,
        0.8660513162612915,
        0.8642309904098511,
        0.8658303022384644,
        0.8653703927993774,
        0.8637707233428955,
        0.8645210862159729,
        0.862616240978241,
        0.8678498268127441,
        0.8640522956848145,
        0.8642715215682983,
        0.8660954236984253,
        0.8621889352798462,
        0.8654297590255737,
        0.8651503324508667,
        0.8648384213447571,
        0.8655579686164856,
        0.8634735345840454,
        0.8669173717498779,
        0.8703129291534424,
        0.8664743900299072,
        0.8666666746139526,
        0.8629488348960876,
        0.8681293725967407,
        0.8609906435012817,
        0.8649853467941284,
        0.8702813386917114,
        0.8650953769683838,
        0.8619325757026672,
        0.8653859496116638,
        0.8641527891159058,
        0.8643878698348999,
        0.862155556678772,
        0.8665692806243896,
        0.8676828145980835,
        0.8681977391242981
    ]
}