{
    "accuracy": [
        0.9043333530426025,
        0.924833357334137,
        0.9312083125114441,
        0.9333750009536743,
        0.9358749985694885,
        0.9350416660308838,
        0.9385833144187927,
        0.9351249933242798,
        0.9392499923706055,
        0.9367083311080933,
        0.9379166960716248,
        0.934249997138977,
        0.9380000233650208,
        0.937833309173584,
        0.9392916560173035,
        0.9355416893959045,
        0.9387500286102295,
        0.9362499713897705,
        0.937833309173584,
        0.9394583106040955,
        0.9396250247955322,
        0.937458336353302,
        0.9391250014305115,
        0.9383749961853027,
        0.9381666779518127,
        0.940625011920929,
        0.93770831823349,
        0.940625011920929,
        0.937749981880188,
        0.9415000081062317,
        0.9382500052452087,
        0.9394999742507935,
        0.9399166703224182,
        0.9410833120346069,
        0.9382916688919067,
        0.9400833249092102,
        0.9397916793823242,
        0.9382916688919067,
        0.9379583597183228,
        0.9379583597183228,
        0.940500020980835,
        0.9368333220481873,
        0.9395833611488342,
        0.9384166598320007,
        0.940416693687439,
        0.937874972820282,
        0.9383749961853027,
        0.9400833249092102,
        0.9383749961853027,
        0.9390000104904175,
        0.9399583339691162
    ],
    "f1_score": [
        0.8945646286010742,
        0.9173346757888794,
        0.9245812892913818,
        0.9274214506149292,
        0.9298269748687744,
        0.9285287857055664,
        0.9329739809036255,
        0.9285650253295898,
        0.9327465295791626,
        0.9301755428314209,
        0.9321610331535339,
        0.9271843433380127,
        0.9317664504051208,
        0.93133145570755,
        0.9339667558670044,
        0.9289287328720093,
        0.9323992729187012,
        0.929956316947937,
        0.9313880801200867,
        0.9328670501708984,
        0.9329208135604858,
        0.9304081797599792,
        0.9332332015037537,
        0.931657075881958,
        0.9317593574523926,
        0.9339727163314819,
        0.9315822124481201,
        0.9347864389419556,
        0.9311263561248779,
        0.9355010986328125,
        0.932098388671875,
        0.9330828189849854,
        0.9334267973899841,
        0.935042679309845,
        0.9320456981658936,
        0.9347267150878906,
        0.9340006113052368,
        0.9317772388458252,
        0.9315930604934692,
        0.9318087100982666,
        0.9347267150878906,
        0.9300341606140137,
        0.9333959817886353,
        0.9317595958709717,
        0.9347327947616577,
        0.9314340353012085,
        0.9324726462364197,
        0.9331763386726379,
        0.9322611093521118,
        0.9322196245193481,
        0.9344098567962646
    ],
    "loss": [
        0.2505263686180115,
        0.204419806599617,
        0.19494588673114777,
        0.18834976851940155,
        0.18251052498817444,
        0.1934783160686493,
        0.1782369613647461,
        0.1892806589603424,
        0.18110378086566925,
        0.19633251428604126,
        0.19643810391426086,
        0.20181624591350555,
        0.19011759757995605,
        0.19176065921783447,
        0.18766634166240692,
        0.20272034406661987,
        0.19087763130664825,
        0.2010682374238968,
        0.19431756436824799,
        0.19253621995449066,
        0.18217062950134277,
        0.2002941519021988,
        0.19153551757335663,
        0.2006305605173111,
        0.19596484303474426,
        0.19263218343257904,
        0.20055198669433594,
        0.1982957124710083,
        0.19535721838474274,
        0.19010798633098602,
        0.1981058567762375,
        0.19397222995758057,
        0.19168005883693695,
        0.1919674426317215,
        0.20243406295776367,
        0.18527624011039734,
        0.19496150314807892,
        0.19719178974628448,
        0.1962871104478836,
        0.19503739476203918,
        0.19225911796092987,
        0.20203837752342224,
        0.20194104313850403,
        0.19850191473960876,
        0.18768559396266937,
        0.1959792822599411,
        0.19810430705547333,
        0.193828284740448,
        0.19752240180969238,
        0.20236027240753174,
        0.1889234036207199
    ],
    "weighted_accuracy": [
        0.9052073955535889,
        0.9264604449272156,
        0.9332965016365051,
        0.9362227320671082,
        0.9381559491157532,
        0.9367496371269226,
        0.9411703944206238,
        0.9367108345031738,
        0.940254807472229,
        0.9380863308906555,
        0.9403498768806458,
        0.9351850748062134,
        0.9397016763687134,
        0.939081072807312,
        0.9422414302825928,
        0.9369638562202454,
        0.9400752782821655,
        0.9381232261657715,
        0.9391838908195496,
        0.9402751326560974,
        0.9402510523796082,
        0.9378719925880432,
        0.9411616921424866,
        0.9391822814941406,
        0.9395046234130859,
        0.9411724805831909,
        0.9395691752433777,
        0.9424946904182434,
        0.9388124942779541,
        0.9429934024810791,
        0.9399924874305725,
        0.9406160712242126,
        0.940856397151947,
        0.9425462484359741,
        0.9398944973945618,
        0.9428316950798035,
        0.9418850541114807,
        0.9394552707672119,
        0.939387857913971,
        0.9397936463356018,
        0.9425179958343506,
        0.9377350211143494,
        0.9410202503204346,
        0.9393166899681091,
        0.9425846338272095,
        0.939215362071991,
        0.9405050873756409,
        0.9403024911880493,
        0.940169095993042,
        0.9395723342895508,
        0.9424222707748413
    ],
    "weighted_f1_score": [
        0.8945646286010742,
        0.9173346757888794,
        0.9245812892913818,
        0.9274214506149292,
        0.9298269748687744,
        0.9285287857055664,
        0.9329739809036255,
        0.9285650253295898,
        0.9327465295791626,
        0.9301755428314209,
        0.9321610331535339,
        0.9271843433380127,
        0.9317664504051208,
        0.93133145570755,
        0.9339667558670044,
        0.9289287328720093,
        0.9323992729187012,
        0.929956316947937,
        0.9313880801200867,
        0.9328670501708984,
        0.9329208135604858,
        0.9304081797599792,
        0.9332332015037537,
        0.931657075881958,
        0.9317593574523926,
        0.9339727163314819,
        0.9315822124481201,
        0.9347864389419556,
        0.9311263561248779,
        0.9355010986328125,
        0.932098388671875,
        0.9330828189849854,
        0.9334267973899841,
        0.935042679309845,
        0.9320456981658936,
        0.9347267150878906,
        0.9340006113052368,
        0.9317772388458252,
        0.9315930604934692,
        0.9318087100982666,
        0.9347267150878906,
        0.9300341606140137,
        0.9333959817886353,
        0.9317595958709717,
        0.9347327947616577,
        0.9314340353012085,
        0.9324726462364197,
        0.9331763386726379,
        0.9322611093521118,
        0.9322196245193481,
        0.9344098567962646
    ]
}