{
    "accuracy": [
        0.8610416650772095,
        0.8887500166893005,
        0.8914999961853027,
        0.8976250290870667,
        0.8950833082199097,
        0.8920000195503235,
        0.8940833210945129,
        0.8934166431427002,
        0.8952083587646484,
        0.8942083120346069,
        0.8958749771118164,
        0.8968750238418579,
        0.8942499756813049,
        0.8898749947547913,
        0.8931249976158142,
        0.8951249718666077,
        0.8960416913032532,
        0.8942916393280029,
        0.8926249742507935,
        0.8962083458900452,
        0.890583336353302,
        0.8945000171661377,
        0.8957083225250244,
        0.8973333239555359,
        0.8947499990463257,
        0.893541693687439,
        0.8929166793823242,
        0.8946666717529297,
        0.8960833549499512,
        0.8931666612625122,
        0.8917083144187927,
        0.8945833444595337,
        0.8930833339691162,
        0.8952916860580444,
        0.8963333368301392,
        0.893666684627533,
        0.8930833339691162,
        0.8955416679382324,
        0.8926666378974915,
        0.8932083249092102,
        0.893625020980835,
        0.8948333263397217,
        0.8971666693687439,
        0.893541693687439,
        0.8970000147819519,
        0.8960416913032532,
        0.8934999704360962,
        0.8979166746139526,
        0.8945000171661377,
        0.8918333053588867,
        0.8942499756813049,
        0.8970416784286499,
        0.8964166641235352,
        0.8971250057220459,
        0.8953750133514404,
        0.8916249871253967,
        0.8942083120346069,
        0.8991249799728394,
        0.8955416679382324,
        0.8946250081062317,
        0.8960000276565552
    ],
    "f1_score": [
        0.8472710847854614,
        0.8761001229286194,
        0.8805593252182007,
        0.8875935077667236,
        0.8842016458511353,
        0.8802095651626587,
        0.8842433094978333,
        0.8824902772903442,
        0.8838478326797485,
        0.8829253911972046,
        0.8850589394569397,
        0.8860678672790527,
        0.8831174373626709,
        0.8783570528030396,
        0.8817603588104248,
        0.8836913108825684,
        0.8860015273094177,
        0.8845003843307495,
        0.8803840279579163,
        0.885331392288208,
        0.8788431286811829,
        0.8833388686180115,
        0.8848354816436768,
        0.8868626356124878,
        0.8832271099090576,
        0.8824867010116577,
        0.8816431760787964,
        0.8825958967208862,
        0.8854736089706421,
        0.8822864294052124,
        0.8803954124450684,
        0.8833540081977844,
        0.8820427656173706,
        0.8837927579879761,
        0.8852933645248413,
        0.8824131488800049,
        0.8817616701126099,
        0.8849096298217773,
        0.8821070194244385,
        0.8830749988555908,
        0.8812699913978577,
        0.884084939956665,
        0.8860450983047485,
        0.8819418549537659,
        0.8861912488937378,
        0.8844403028488159,
        0.8817316293716431,
        0.8868162631988525,
        0.8826360106468201,
        0.8803030848503113,
        0.8832759857177734,
        0.8849954605102539,
        0.8854316473007202,
        0.8855385780334473,
        0.8840888738632202,
        0.8801859617233276,
        0.8831535577774048,
        0.8875789046287537,
        0.8845416307449341,
        0.8834763765335083,
        0.8850379586219788
    ],
    "loss": [
        0.41790881752967834,
        0.3257310092449188,
        0.33106139302253723,
        0.32695865631103516,
        0.34287843108177185,
        0.35940760374069214,
        0.34597980976104736,
        0.3625025749206543,
        0.3427097201347351,
        0.3525233268737793,
        0.34983792901039124,
        0.3406904637813568,
        0.34852519631385803,
        0.37872394919395447,
        0.35931819677352905,
        0.34377917647361755,
        0.35497942566871643,
        0.34137529134750366,
        0.3751406669616699,
        0.3325192928314209,
        0.3634166121482849,
        0.3526896834373474,
        0.3528875410556793,
        0.3420097529888153,
        0.3495556712150574,
        0.36951783299446106,
        0.35896483063697815,
        0.3552655875682831,
        0.34749919176101685,
        0.34436991810798645,
        0.36092785000801086,
        0.34928014874458313,
        0.35818204283714294,
        0.3570948541164398,
        0.3439598083496094,
        0.3568209111690521,
        0.35303959250450134,
        0.35277125239372253,
        0.364895224571228,
        0.351040780544281,
        0.35726940631866455,
        0.35393399000167847,
        0.34315890073776245,
        0.3513745069503784,
        0.3513588011264801,
        0.3465489149093628,
        0.3638727068901062,
        0.3351336121559143,
        0.35218319296836853,
        0.362772136926651,
        0.36445149779319763,
        0.3342377543449402,
        0.34283447265625,
        0.34503889083862305,
        0.3489437997341156,
        0.35393673181533813,
        0.3464718163013458,
        0.33033838868141174,
        0.33903980255126953,
        0.34698015451431274,
        0.3421241343021393
    ],
    "weighted_accuracy": [
        0.8605300188064575,
        0.8870142698287964,
        0.8921276926994324,
        0.898932933807373,
        0.8953568339347839,
        0.8912288546562195,
        0.8960926532745361,
        0.8938219547271729,
        0.8947491645812988,
        0.8939616680145264,
        0.8961538672447205,
        0.8969992399215698,
        0.894217312335968,
        0.8897634744644165,
        0.8928809762001038,
        0.8945155739784241,
        0.8975458145141602,
        0.8963368535041809,
        0.891062319278717,
        0.8963512182235718,
        0.8901228904724121,
        0.8943767547607422,
        0.8959341645240784,
        0.8979279398918152,
        0.8940625786781311,
        0.8936999440193176,
        0.8928563594818115,
        0.8931363224983215,
        0.8966288566589355,
        0.8936736583709717,
        0.8916521072387695,
        0.8943279981613159,
        0.8933191299438477,
        0.8945905566215515,
        0.8962054252624512,
        0.8935312628746033,
        0.8928800225257874,
        0.8961642384529114,
        0.8937187194824219,
        0.8948935866355896,
        0.8917637467384338,
        0.8953299522399902,
        0.8968089818954468,
        0.8928969502449036,
        0.8972133994102478,
        0.8950579762458801,
        0.8926297426223755,
        0.8974836468696594,
        0.8933424353599548,
        0.8914704918861389,
        0.8945109248161316,
        0.8952855467796326,
        0.8963650465011597,
        0.8960916996002197,
        0.8949804306030273,
        0.891444981098175,
        0.894302487373352,
        0.8978580832481384,
        0.8956050872802734,
        0.8945376873016357,
        0.8960202932357788
    ],